Address,Date time,Minimum Temperature,Maximum Temperature,Temperature,Dew Point,Relative Humidity,Heat Index,Wind Speed,Wind Gust,Wind Direction,Wind Chill,Precipitation,Precipitation Cover,Snow Depth,Visibility,Cloud Cover,Sea Level Pressure,Weather Type,Latitude,Longitude,Resolved Address,Name,Info,Sunrise,Sunset,Moon Phase,Conditions
"Salt Lake City, UT, US",01/01/2025,26.1,42.8,35.6,18.7,50.59,,15.9,24.2,144.88,17.4,0.0,4.17,,9.9,86.5,1021.2,"Light Snow, Light Rain And Snow, Light Rain",40.7603,-111.888,"Salt Lake City, UT, United States","Salt Lake City, UT, United States",,2025-01-01T07:51:56-07:00,2025-01-01T17:11:05-07:00,0.07,Overcast
"Salt Lake City, UT, US",01/02/2025,39.3,52.8,44.6,33.2,64.93,,14.6,,115.29,33.4,0.03,16.67,,9.9,82.8,1023.0,Light Rain,40.7603,-111.888,"Salt Lake City, UT, United States","Salt Lake City, UT, United States",,2025-01-02T07:52:01-07:00,2025-01-02T17:11:57-07:00,0.1,"Rain, Overcast"
"Salt Lake City, UT, US",01/03/2025,41.0,56.5,48.4,28.7,47.96,,17.3,32.2,141.5,34.4,0.0,0.0,,9.9,73.7,1014.9,,40.7603,-111.888,"Salt Lake City, UT, United States","Salt Lake City, UT, United States",,2025-01-03T07:52:03-07:00,2025-01-03T17:12:51-07:00,0.14,Partially cloudy
"Salt Lake City, UT, US",01/04/2025,33.4,53.0,39.0,28.6,69.56,,20.9,41.4,231.0,23.7,0.32,29.17,1.97,8.2,89.3,1015.0,"Light Snow, Mist, Rain, Light Rain",40.7603,-111.888,"Salt Lake City, UT, United States","Salt Lake City, UT, United States",,2025-01-04T07:52:03-07:00,2025-01-04T17:13:46-07:00,0.17,"Rain, Overcast"
"Salt Lake City, UT, US",01/05/2025,30.8,42.1,36.4,26.7,68.48,,9.1,,135.29,23.5,0.0,0.0,1.18,9.9,86.6,1025.3,,40.7603,-111.888,"Salt Lake City, UT, United States","Salt Lake City, UT, United States",,2025-01-05T07:52:00-07:00,2025-01-05T17:14:42-07:00,0.21,Overcast
"Salt Lake City, UT, US",01/06/2025,34.9,40.7,37.8,31.3,77.53,,10.2,,205.25,28.4,0.04,12.5,,9.2,96.6,1023.5,"Light Snow, Mist, Light Drizzle, Light Rain",40.7603,-111.888,"Salt Lake City, UT, United States","Salt Lake City, UT, United States",,2025-01-06T07:51:55-07:00,2025-01-06T17:15:40-07:00,0.25,"Rain, Overcast"
"Salt Lake City, UT, US",01/07/2025,29.9,43.6,34.6,21.9,62.76,,15.2,30.0,229.08,24.3,0.0,0.0,,9.5,34.2,1027.9,Fog,40.7603,-111.888,"Salt Lake City, UT, United States","Salt Lake City, UT, United States",,2025-01-07T07:51:48-07:00,2025-01-07T17:16:39-07:00,0.28,Partially cloudy
"Salt Lake City, UT, US",01/08/2025,24.0,38.6,30.6,18.3,61.42,,10.6,27.7,173.96,16.8,0.0,0.0,,9.9,54.4,1030.9,,40.7603,-111.888,"Salt Lake City, UT, United States","Salt Lake City, UT, United States",,2025-01-08T07:51:39-07:00,2025-01-08T17:17:40-07:00,0.32,Partially cloudy
"Salt Lake City, UT, US",01/09/2025,27.0,37.9,31.5,22.8,70.45,,14.6,,304.21,19.3,0.0,0.0,,9.9,35.6,1030.3,,40.7603,-111.888,"Salt Lake City, UT, United States","Salt Lake City, UT, United States",,2025-01-09T07:51:28-07:00,2025-01-09T17:18:41-07:00,0.35,Partially cloudy
"Salt Lake City, UT, US",01/10/2025,24.0,40.7,32.4,19.9,61.64,,13.8,21.9,173.79,15.2,0.0,0.0,,9.9,54.9,1028.0,Light Snow,40.7603,-111.888,"Salt Lake City, UT, United States","Salt Lake City, UT, United States",,2025-01-10T07:51:14-07:00,2025-01-10T17:19:44-07:00,0.39,Partially cloudy
"Salt Lake City, UT, US",01/11/2025,33.0,36.9,34.7,26.4,71.61,,16.1,21.9,221.29,26.1,0.0,0.0,,8.9,95.4,1020.7,"Light Snow, Mist",40.7603,-111.888,"Salt Lake City, UT, United States","Salt Lake City, UT, United States",,2025-01-11T07:50:58-07:00,2025-01-11T17:20:48-07:00,0.42,Overcast
"Salt Lake City, UT, US",01/12/2025,26.8,35.7,30.6,24.5,78.38,,11.2,,306.46,19.5,0.06,8.33,1.97,9.2,79.5,1023.7,"Light Snow, Rain, Fog, Snow",40.7603,-111.888,"Salt Lake City, UT, United States","Salt Lake City, UT, United States",,2025-01-12T07:50:40-07:00,2025-01-12T17:21:53-07:00,0.46,"Rain, Overcast"
"Salt Lake City, UT, US",01/13/2025,20.9,33.9,27.2,19.5,73.1,,7.8,,187.54,12.4,0.0,0.0,,9.9,50.2,1029.5,,40.7603,-111.888,"Salt Lake City, UT, United States","Salt Lake City, UT, United States",,2025-01-13T07:50:19-07:00,2025-01-13T17:22:58-07:00,0.5,Partially cloudy
"Salt Lake City, UT, US",01/14/2025,26.7,36.9,30.8,19.1,62.19,,8.4,,215.04,20.2,0.0,0.0,,9.9,69.1,1033.7,Light Snow,40.7603,-111.888,"Salt Lake City, UT, United States","Salt Lake City, UT, United States",,2025-01-14T07:49:57-07:00,2025-01-14T17:24:05-07:00,0.53,Partially cloudy
"Salt Lake City, UT, US",01/15/2025,25.8,40.6,31.4,20.7,65.03,,10.0,,213.75,18.1,0.0,0.0,,9.7,25.4,1035.0,,40.7603,-111.888,"Salt Lake City, UT, United States","Salt Lake City, UT, United States",,2025-01-15T07:49:32-07:00,2025-01-15T17:25:13-07:00,0.56,Partially cloudy
"Salt Lake City, UT, US",01/16/2025,24.9,40.8,31.3,23.2,72.71,,7.2,,210.58,17.5,0.0,0.0,,7.3,0.0,1025.8,Smoke Or Haze,40.7603,-111.888,"Salt Lake City, UT, United States","Salt Lake City, UT, United States",,2025-01-16T07:49:05-07:00,2025-01-16T17:26:21-07:00,0.59,Clear
"Salt Lake City, UT, US",01/17/2025,25.3,36.9,31.2,23.5,73.51,,18.0,21.9,251.71,18.9,0.0,0.0,,7.4,69.1,1017.4,"Mist, Smoke Or Haze",40.7603,-111.888,"Salt Lake City, UT, United States","Salt Lake City, UT, United States",,2025-01-17T07:48:36-07:00,2025-01-17T17:27:30-07:00,0.62,Partially cloudy
"Salt Lake City, UT, US",01/18/2025,21.4,31.7,28.1,14.9,58.14,,14.7,24.2,300.67,13.8,0.01,4.17,,9.6,68.3,1027.0,"Mist, Light Snow",40.7603,-111.888,"Salt Lake City, UT, United States","Salt Lake City, UT, United States",,2025-01-18T07:48:04-07:00,2025-01-18T17:28:40-07:00,0.66,"Rain, Partially cloudy"
"Salt Lake City, UT, US",01/19/2025,19.7,32.8,25.6,10.7,53.39,,12.5,,240.58,10.4,0.0,0.0,,9.9,79.5,1025.8,,40.7603,-111.888,"Salt Lake City, UT, United States","Salt Lake City, UT, United States",,2025-01-19T07:47:31-07:00,2025-01-19T17:29:50-07:00,0.69,Overcast
"Salt Lake City, UT, US",01/20/2025,15.0,25.8,20.5,-0.2,42.62,,16.5,21.9,291.42,3.6,0.0,0.0,,8.8,39.6,1033.9,"Blowing Or Drifting Snow, Fog, Smoke Or Haze",40.7603,-111.888,"Salt Lake City, UT, United States","Salt Lake City, UT, United States",,2025-01-20T07:46:55-07:00,2025-01-20T17:31:01-07:00,0.72,Partially cloudy
"Salt Lake City, UT, US",01/21/2025,14.9,34.8,22.8,-0.8,37.67,,13.1,,211.42,2.8,0.0,0.0,,9.9,43.8,1036.0,,40.7603,-111.888,"Salt Lake City, UT, United States","Salt Lake City, UT, United States",,2025-01-21T07:46:18-07:00,2025-01-21T17:32:13-07:00,0.75,Partially cloudy
"Salt Lake City, UT, US",01/22/2025,17.1,34.8,25.6,11.3,55.69,,13.9,,255.96,7.8,0.0,0.0,,9.9,17.8,1035.3,,40.7603,-111.888,"Salt Lake City, UT, United States","Salt Lake City, UT, United States",,2025-01-22T07:45:38-07:00,2025-01-22T17:33:25-07:00,0.78,Clear
"Salt Lake City, UT, US",01/23/2025,17.0,35.7,26.6,9.9,50.89,,9.4,,155.25,7.6,0.0,0.0,,9.9,27.5,1037.9,,40.7603,-111.888,"Salt Lake City, UT, United States","Salt Lake City, UT, United States",,2025-01-23T07:44:57-07:00,2025-01-23T17:34:37-07:00,0.82,Partially cloudy
"Salt Lake City, UT, US",01/24/2025,27.0,35.9,31.2,12.1,45.33,,15.0,,203.54,18.5,0.0,0.0,,9.9,90.0,1020.3,,40.7603,-111.888,"Salt Lake City, UT, United States","Salt Lake City, UT, United States",,2025-01-24T07:44:13-07:00,2025-01-24T17:35:50-07:00,0.85,Overcast
"Salt Lake City, UT, US",01/25/2025,26.1,29.9,29.0,20.6,70.95,,10.1,41.4,233.67,21.0,0.0,0.0,,8.4,94.0,1016.0,"Light Snow, Mist, Precipitation In Vicinity",40.7603,-111.888,"Salt Lake City, UT, United States","Salt Lake City, UT, United States",,2025-01-25T07:43:28-07:00,2025-01-25T17:37:04-07:00,0.88,Overcast
"Salt Lake City, UT, US",01/26/2025,25.8,35.8,29.3,19.5,67.26,,10.1,39.1,144.92,20.0,0.0,4.17,,9.9,54.5,1023.4,,40.7603,-111.888,"Salt Lake City, UT, United States","Salt Lake City, UT, United States",,2025-01-26T07:42:40-07:00,2025-01-26T17:38:17-07:00,0.91,Partially cloudy
"Salt Lake City, UT, US",01/27/2025,20.0,35.0,26.8,17.2,67.68,,8.2,38.0,207.54,12.7,0.0,0.0,,9.9,12.6,1024.9,,40.7603,-111.888,"Salt Lake City, UT, United States","Salt Lake City, UT, United States",,2025-01-27T07:41:51-07:00,2025-01-27T17:39:31-07:00,0.94,Clear
"Salt Lake City, UT, US",01/28/2025,20.0,39.0,28.0,16.3,63.11,,6.9,26.4,221.38,12.2,0.0,0.0,,9.5,6.2,1019.7,,40.7603,-111.888,"Salt Lake City, UT, United States","Salt Lake City, UT, United States",,2025-01-28T07:41:00-07:00,2025-01-28T17:40:45-07:00,0.98,Clear
"Salt Lake City, UT, US",01/29/2025,20.0,37.9,29.5,17.7,62.56,,8.0,31.1,197.25,13.1,0.0,0.0,,9.9,1.0,1018.0,,40.7603,-111.888,"Salt Lake City, UT, United States","Salt Lake City, UT, United States",,2025-01-29T07:40:07-07:00,2025-01-29T17:41:59-07:00,0.0,Clear
"Salt Lake City, UT, US",01/30/2025,21.8,43.8,31.3,18.5,60.54,,7.0,,175.67,14.5,0.0,0.0,,9.6,1.0,1022.3,,40.7603,-111.888,"Salt Lake City, UT, United States","Salt Lake City, UT, United States",,2025-01-30T07:39:12-07:00,2025-01-30T17:43:13-07:00,0.05,Clear
"Salt Lake City, UT, US",01/31/2025,25.0,47.7,35.6,18.5,51.38,,16.8,28.9,160.67,15.5,0.0,0.0,,9.9,61.2,1021.9,Light Rain,40.7603,-111.888,"Salt Lake City, UT, United States","Salt Lake City, UT, United States",,2025-01-31T07:38:16-07:00,2025-01-31T17:44:28-07:00,0.08,Partially cloudy
"Salt Lake City, UT, US",02/01/2025,37.2,47.7,41.6,33.0,72.9,,21.7,35.1,169.79,31.6,0.1,58.33,,9.5,100.0,1016.1,"Mist, Light Snow, Rain, Light Rain And Snow, Heavy Rain, Light Rain",40.7603,-111.888,"Salt Lake City, UT, United States","Salt Lake City, UT, United States",,2025-02-01T07:37:18-07:00,2025-02-01T17:45:42-07:00,0.12,"Rain, Overcast"
"Salt Lake City, UT, US",02/02/2025,39.0,60.7,54.0,32.4,46.7,,29.6,43.1,161.25,34.7,0.01,8.33,,9.5,93.6,1008.0,"Mist, Light Rain",40.7603,-111.888,"Salt Lake City, UT, United States","Salt Lake City, UT, United States",,2025-02-02T07:36:18-07:00,2025-02-02T17:46:57-07:00,0.15,"Rain, Overcast"
"Salt Lake City, UT, US",02/03/2025,55.6,64.7,60.3,28.6,30.79,,28.0,44.1,168.0,,0.0,0.0,,9.9,86.7,1006.4,,40.7603,-111.888,"Salt Lake City, UT, United States","Salt Lake City, UT, United States",,2025-02-03T07:35:16-07:00,2025-02-03T17:48:11-07:00,0.19,Overcast
"Salt Lake City, UT, US",02/04/2025,59.3,67.9,62.8,26.8,25.47,,28.6,48.9,168.04,,0.0,0.0,,9.5,85.5,1003.1,"Blowing Or Drifting Snow, Smoke Or Haze",40.7603,-111.888,"Salt Lake City, UT, United States","Salt Lake City, UT, United States",,2025-02-04T07:34:13-07:00,2025-02-04T17:49:26-07:00,0.22,Overcast
"Salt Lake City, UT, US",02/05/2025,31.0,61.7,51.1,27.2,41.39,,30.4,49.7,250.58,25.2,0.03,20.83,,9.9,70.5,1006.6,"Rain, Heavy Rain, Light Rain",40.7603,-111.888,"Salt Lake City, UT, United States","Salt Lake City, UT, United States",,2025-02-05T07:33:08-07:00,2025-02-05T17:50:40-07:00,0.25,"Rain, Partially cloudy"
"Salt Lake City, UT, US",02/06/2025,28.1,44.6,35.3,22.7,60.69,,14.0,,179.43,22.9,0.0,0.0,,9.9,55.4,1012.8,,40.7603,-111.888,"Salt Lake City, UT, United States","Salt Lake City, UT, United States",,2025-02-06T07:32:02-07:00,2025-02-06T17:51:54-07:00,0.29,Partially cloudy
"Salt Lake City, UT, US",02/07/2025,37.7,57.3,47.6,31.1,53.78,,30.2,41.9,179.38,31.9,0.04,12.5,,9.7,88.7,1009.0,"Lightning Without Thunder, Mist, Light Drizzle, Rain, Heavy Rain, Light Rain",40.7603,-111.888,"Salt Lake City, UT, United States","Salt Lake City, UT, United States",,2025-02-07T07:30:54-07:00,2025-02-07T17:53:09-07:00,0.33,"Rain, Overcast"
"Salt Lake City, UT, US",02/08/2025,27.9,40.6,32.8,24.4,71.98,,13.9,29.8,275.46,19.8,0.07,12.5,,9.1,77.1,1022.1,"Light Snow, Precipitation In Vicinity, Fog, Snow",40.7603,-111.888,"Salt Lake City, UT, United States","Salt Lake City, UT, United States",,2025-02-08T07:29:45-07:00,2025-02-08T17:54:23-07:00,0.37,"Rain, Overcast"
"Salt Lake City, UT, US",02/09/2025,20.7,39.4,29.0,17.5,64.2,,9.9,,230.83,11.5,0.0,0.0,1.18,9.9,13.1,1026.4,Fog,40.7603,-111.888,"Salt Lake City, UT, United States","Salt Lake City, UT, United States",,2025-02-09T07:28:34-07:00,2025-02-09T17:55:37-07:00,0.4,Clear
"Salt Lake City, UT, US",02/10/2025,21.6,37.8,29.4,15.4,57.23,,7.9,,211.25,13.8,0.0,0.0,,9.9,16.7,1020.3,,40.7603,-111.888,"Salt Lake City, UT, United States","Salt Lake City, UT, United States",,2025-02-10T07:27:22-07:00,2025-02-10T17:56:50-07:00,0.44,Clear
"Salt Lake City, UT, US",02/11/2025,21.6,28.0,25.0,15.7,67.95,,17.0,23.0,294.75,10.5,0.01,4.17,,8.6,83.5,1012.4,Light Snow,40.7603,-111.888,"Salt Lake City, UT, United States","Salt Lake City, UT, United States",,2025-02-11T07:26:09-07:00,2025-02-11T17:58:04-07:00,0.47,"Rain, Overcast"
"Salt Lake City, UT, US",02/12/2025,14.5,33.1,22.4,6.9,53.24,,12.1,,220.08,3.8,0.0,0.0,,9.8,40.5,1014.0,Light Snow,40.7603,-111.888,"Salt Lake City, UT, United States","Salt Lake City, UT, United States",,2025-02-12T07:24:54-07:00,2025-02-12T17:59:17-07:00,0.5,Partially cloudy
"Salt Lake City, UT, US",02/13/2025,17.4,39.0,28.1,17.7,66.79,,23.5,39.0,147.38,7.8,0.02,37.5,,8.9,81.1,1010.9,"Heavy Snow, Light Snow, Mist, Fog, Snow",40.7603,-111.888,"Salt Lake City, UT, United States","Salt Lake City, UT, United States",,2025-02-13T07:23:38-07:00,2025-02-13T18:00:30-07:00,0.54,"Rain, Overcast"
"Salt Lake City, UT, US",02/14/2025,35.1,49.4,41.4,34.2,76.3,,23.4,31.1,174.88,28.3,0.12,45.83,1.97,9.5,91.8,1008.5,"Mist, Light Snow, Light Rain",40.7603,-111.888,"Salt Lake City, UT, United States","Salt Lake City, UT, United States",,2025-02-14T07:22:20-07:00,2025-02-14T18:01:43-07:00,0.57,"Rain, Overcast"
"Salt Lake City, UT, US",02/15/2025,30.1,37.3,34.4,24.7,69.56,,20.2,32.2,240.92,20.8,0.08,29.17,3.15,9.1,74.8,1021.9,"Mist, Light Snow, Light Rain",40.7603,-111.888,"Salt Lake City, UT, United States","Salt Lake City, UT, United States",,2025-02-15T07:21:02-07:00,2025-02-15T18:02:56-07:00,0.6,"Rain, Partially cloudy"
"Salt Lake City, UT, US",02/16/2025,30.1,42.7,35.3,23.9,64.01,,15.1,17.2,143.21,22.7,0.01,29.17,5.12,8.9,93.0,1018.8,"Light Snow, Mist, Light Rain, Snow",40.7603,-111.888,"Salt Lake City, UT, United States","Salt Lake City, UT, United States",,2025-02-16T07:19:42-07:00,2025-02-16T18:04:08-07:00,0.64,"Rain, Overcast"
"Salt Lake City, UT, US",02/17/2025,33.8,44.3,38.0,31.7,79.08,,13.1,19.7,182.54,28.6,0.03,16.67,3.15,9.9,90.6,1012.9,"Light Snow, Light Rain",40.7603,-111.888,"Salt Lake City, UT, United States","Salt Lake City, UT, United States",,2025-02-17T07:18:21-07:00,2025-02-17T18:05:20-07:00,0.67,"Rain, Overcast"
"Salt Lake City, UT, US",02/18/2025,33.7,42.6,37.9,28.0,69.08,,12.2,,245.67,28.5,0.0,0.0,3.15,9.8,91.8,1019.6,"Mist, Light Snow, Rain Showers",40.7603,-111.888,"Salt Lake City, UT, United States","Salt Lake City, UT, United States",,2025-02-18T07:16:59-07:00,2025-02-18T18:06:32-07:00,0.7,Overcast
"Salt Lake City, UT, US",02/19/2025,30.0,44.4,37.2,24.5,61.19,,18.1,,160.54,21.1,0.0,0.0,1.97,9.9,68.7,1020.6,Light Snow,40.7603,-111.888,"Salt Lake City, UT, United States","Salt Lake City, UT, United States",,2025-02-19T07:15:36-07:00,2025-02-19T18:07:44-07:00,0.73,Partially cloudy
"Salt Lake City, UT, US",02/20/2025,32.1,38.2,34.0,32.0,92.3,,13.7,,237.67,23.1,0.28,87.5,5.91,4.3,100.0,1019.0,"Mist, Light Snow, Fog, Light Rain",40.7603,-111.888,"Salt Lake City, UT, United States","Salt Lake City, UT, United States",,2025-02-20T07:14:12-07:00,2025-02-20T18:08:55-07:00,0.75,"Rain, Overcast"
"Salt Lake City, UT, US",02/21/2025,28.2,39.2,33.7,28.3,81.24,,7.9,,264.71,24.2,0.0,12.5,5.91,9.5,54.6,1026.7,"Mist, Fog",40.7603,-111.888,"Salt Lake City, UT, United States","Salt Lake City, UT, United States",,2025-02-21T07:12:47-07:00,2025-02-21T18:10:06-07:00,0.8,Partially cloudy
"Salt Lake City, UT, US",02/22/2025,26.2,46.3,34.6,24.6,67.83,,8.1,,163.08,18.7,0.0,0.0,5.12,9.9,36.8,1028.2,,40.7603,-111.888,"Salt Lake City, UT, United States","Salt Lake City, UT, United States",,2025-02-22T07:11:20-07:00,2025-02-22T18:11:16-07:00,0.83,Partially cloudy
"Salt Lake City, UT, US",02/23/2025,30.3,49.7,40.3,27.7,61.99,,12.7,,186.46,23.4,0.0,0.0,3.94,9.9,62.9,1025.2,Light Drizzle,40.7603,-111.888,"Salt Lake City, UT, United States","Salt Lake City, UT, United States",,2025-02-23T07:09:53-07:00,2025-02-23T18:12:27-07:00,0.86,Partially cloudy
"Salt Lake City, UT, US",02/24/2025,37.8,63.9,50.6,31.9,52.36,,12.8,,164.33,36.3,0.0,0.0,3.15,9.9,76.3,1021.2,Light Rain,40.7603,-111.888,"Salt Lake City, UT, United States","Salt Lake City, UT, United States",,2025-02-24T07:08:25-07:00,2025-02-24T18:13:37-07:00,0.9,Overcast
"Salt Lake City, UT, US",02/25/2025,35.6,56.9,46.6,27.6,48.87,,21.6,33.4,270.33,29.9,0.0,0.0,,9.9,41.9,1019.3,,40.7603,-111.888,"Salt Lake City, UT, United States","Salt Lake City, UT, United States",,2025-02-25T07:06:56-07:00,2025-02-25T18:14:46-07:00,0.93,Partially cloudy
"Salt Lake City, UT, US",02/26/2025,30.0,46.4,37.7,24.9,61.7,,12.3,17.2,186.04,26.6,0.0,0.0,,9.9,14.3,1027.2,,40.7603,-111.888,"Salt Lake City, UT, United States","Salt Lake City, UT, United States",,2025-02-26T07:05:27-07:00,2025-02-26T18:15:56-07:00,0.96,Clear
"Salt Lake City, UT, US",02/27/2025,28.7,53.1,39.3,23.4,55.75,,9.6,,177.38,22.2,0.0,0.0,,9.9,2.2,1029.7,,40.7603,-111.888,"Salt Lake City, UT, United States","Salt Lake City, UT, United States",,2025-02-27T07:03:56-07:00,2025-02-27T18:17:05-07:00,0.0,Clear
"Salt Lake City, UT, US",02/28/2025,28.8,51.9,39.8,27.1,61.96,,10.6,20.8,179.83,22.3,0.0,0.0,,9.9,0.0,1023.2,,40.7603,-111.888,"Salt Lake City, UT, United States","Salt Lake City, UT, United States",,2025-02-28T07:02:25-07:00,2025-02-28T18:18:14-07:00,0.03,Clear
"Salt Lake City, UT, US",03/01/2025,28.6,53.7,41.1,27.0,59.57,,9.1,27.7,172.67,21.2,0.0,0.0,,9.8,25.7,1017.0,,40.7603,-111.888,"Salt Lake City, UT, United States","Salt Lake City, UT, United States",,2025-03-01T07:00:53-07:00,2025-03-01T18:19:22-07:00,0.06,Partially cloudy
"Salt Lake City, UT, US",03/02/2025,34.0,66.1,49.2,24.6,46.09,,25.5,37.4,134.08,30.6,0.0,0.0,,9.9,55.0,1007.8,Light Rain,40.7603,-111.888,"Salt Lake City, UT, United States","Salt Lake City, UT, United States",,2025-03-02T06:59:21-07:00,2025-03-02T18:20:30-07:00,0.1,Partially cloudy
"Salt Lake City, UT, US",03/03/2025,39.2,48.2,44.6,23.6,45.94,,28.3,34.4,252.75,35.0,0.04,12.5,,9.9,87.4,1005.9,"Rain, Heavy Rain, Light Rain",40.7603,-111.888,"Salt Lake City, UT, United States","Salt Lake City, UT, United States",,2025-03-03T06:57:47-07:00,2025-03-03T18:21:38-07:00,0.13,"Rain, Overcast"
"Salt Lake City, UT, US",03/04/2025,39.0,53.2,43.3,31.4,66.3,,11.3,18.3,250.83,35.1,0.03,29.17,,9.9,89.4,1017.6,Light Rain,40.7603,-111.888,"Salt Lake City, UT, United States","Salt Lake City, UT, United States",,2025-03-04T06:56:13-07:00,2025-03-04T18:22:46-07:00,0.17,"Rain, Overcast"
"Salt Lake City, UT, US",03/05/2025,39.2,51.7,43.1,30.2,62.67,,14.7,20.8,144.75,32.6,0.09,29.17,,9.4,94.1,1013.6,"Mist, Light Drizzle, Light Rain",40.7603,-111.888,"Salt Lake City, UT, United States","Salt Lake City, UT, United States",,2025-03-05T06:54:39-07:00,2025-03-05T18:23:53-07:00,0.2,"Rain, Overcast"
"Salt Lake City, UT, US",03/06/2025,35.4,44.6,41.3,35.2,79.46,,29.5,41.4,162.08,28.4,0.1,83.33,,9.6,97.9,998.2,"Mist, Light Snow, Light Drizzle, Fog, Light Rain",40.7603,-111.888,"Salt Lake City, UT, United States","Salt Lake City, UT, United States",,2025-03-06T06:53:04-07:00,2025-03-06T18:25:00-07:00,0.25,"Rain, Overcast"
"Salt Lake City, UT, US",03/07/2025,32.0,42.5,35.6,28.7,77.22,,17.5,21.9,310.13,23.2,0.16,33.33,1.18,7.5,78.9,1013.4,"Mist, Light Snow, Rain, Light Rain And Snow, Light Rain",40.7603,-111.888,"Salt Lake City, UT, United States","Salt Lake City, UT, United States",,2025-03-07T06:51:28-07:00,2025-03-07T18:26:07-07:00,0.27,"Rain, Overcast"
"Salt Lake City, UT, US",03/08/2025,28.2,46.4,36.8,26.5,67.63,,8.0,,254.88,22.8,0.0,0.0,,9.9,13.5,1025.8,,40.7603,-111.888,"Salt Lake City, UT, United States","Salt Lake City, UT, United States",,2025-03-08T06:49:52-07:00,2025-03-08T18:27:13-07:00,0.31,Clear
"Salt Lake City, UT, US",03/09/2025,32.0,57.0,43.0,27.8,58.08,,10.9,17.2,151.83,24.6,0.0,0.0,,9.9,7.5,1024.6,,40.7603,-111.888,"Salt Lake City, UT, United States","Salt Lake City, UT, United States",,2025-03-09T07:48:16-06:00,2025-03-09T19:28:20-06:00,0.34,Clear
"Salt Lake City, UT, US",03/10/2025,32.7,62.5,48.0,27.9,50.05,,11.7,,246.0,34.8,0.0,0.0,,9.9,30.1,1015.0,,40.7603,-111.888,"Salt Lake City, UT, United States","Salt Lake City, UT, United States",,2025-03-10T07:46:39-06:00,2025-03-10T19:29:26-06:00,0.38,Partially cloudy
"Salt Lake City, UT, US",03/11/2025,39.5,62.4,52.8,20.5,30.77,,21.3,32.2,195.21,35.7,0.0,0.0,,9.9,69.2,1008.4,,40.7603,-111.888,"Salt Lake City, UT, United States","Salt Lake City, UT, United States",,2025-03-11T07:45:01-06:00,2025-03-11T19:30:31-06:00,0.41,Partially cloudy
"Salt Lake City, UT, US",03/12/2025,44.4,60.5,52.4,25.9,36.05,,30.7,40.3,160.38,36.8,0.0,0.0,,9.9,50.8,1008.3,,40.7603,-111.888,"Salt Lake City, UT, United States","Salt Lake City, UT, United States",,2025-03-12T07:43:24-06:00,2025-03-12T19:31:37-06:00,0.45,Partially cloudy
"Salt Lake City, UT, US",03/13/2025,32.0,53.3,46.8,32.7,61.31,,27.1,42.1,188.21,22.1,0.14,41.67,,8.3,93.8,1000.7,"Light Snow, Mist, Fog, Light Rain, Smoke Or Haze, Snow",40.7603,-111.888,"Salt Lake City, UT, United States","Salt Lake City, UT, United States",,2025-03-13T07:41:46-06:00,2025-03-13T19:32:42-06:00,0.48,"Rain, Overcast"
"Salt Lake City, UT, US",03/14/2025,31.9,39.6,36.0,26.2,68.58,,16.9,,189.46,22.3,0.04,16.67,1.18,8.6,86.2,1003.3,"Heavy Snow, Mist, Light Snow, Rain, Fog, Light Rain, Smoke Or Haze, Snow",40.7603,-111.888,"Salt Lake City, UT, United States","Salt Lake City, UT, United States",,2025-03-14T07:40:07-06:00,2025-03-14T19:33:47-06:00,0.5,"Rain, Overcast"
"Salt Lake City, UT, US",03/15/2025,32.0,44.8,37.7,28.6,71.79,,17.4,33.3,207.54,25.7,0.03,12.5,,9.3,89.2,1009.7,"Light Snow, Mist, Light Rain",40.7603,-111.888,"Salt Lake City, UT, United States","Salt Lake City, UT, United States",,2025-03-15T07:38:29-06:00,2025-03-15T19:34:52-06:00,0.55,"Rain, Overcast"
"Salt Lake City, UT, US",03/16/2025,33.2,59.0,46.1,25.4,49.07,,28.7,41.9,157.17,25.6,0.0,0.0,,9.9,74.5,1014.0,,40.7603,-111.888,"Salt Lake City, UT, United States","Salt Lake City, UT, United States",,2025-03-16T07:36:50-06:00,2025-03-16T19:35:57-06:00,0.58,Partially cloudy
"Salt Lake City, UT, US",03/17/2025,40.8,62.9,55.2,25.1,32.96,,29.4,43.7,187.58,31.6,0.01,4.17,,9.9,68.6,1005.6,"Light Snow, Light Rain And Snow, Light Rain, Smoke Or Haze",40.7603,-111.888,"Salt Lake City, UT, United States","Salt Lake City, UT, United States",,2025-03-17T07:35:11-06:00,2025-03-17T19:37:01-06:00,0.61,"Rain, Partially cloudy"
"Salt Lake City, UT, US",03/18/2025,30.7,34.9,32.8,28.9,86.11,,20.8,32.2,254.21,20.4,0.55,79.17,3.94,5.5,93.0,1014.8,"Heavy Snow, Mist, Light Snow, Rain, Heavy Rain And Snow, Fog, Heavy Rain, Light Rain, Smoke Or Haze, Snow",40.7603,-111.888,"Salt Lake City, UT, United States","Salt Lake City, UT, United States",,2025-03-18T07:33:32-06:00,2025-03-18T19:38:06-06:00,0.65,"Rain, Overcast"
"Salt Lake City, UT, US",03/19/2025,24.7,42.8,34.1,20.8,60.83,,8.9,,142.88,16.4,0.0,0.0,3.15,9.9,40.8,1030.0,,40.7603,-111.888,"Salt Lake City, UT, United States","Salt Lake City, UT, United States",,2025-03-19T07:31:52-06:00,2025-03-19T19:39:10-06:00,0.68,Partially cloudy
"Salt Lake City, UT, US",03/20/2025,35.1,47.7,41.1,22.7,47.9,,18.2,29.8,221.92,28.2,0.0,0.0,0.0,9.9,87.6,1019.5,,40.7603,-111.888,"Salt Lake City, UT, United States","Salt Lake City, UT, United States",,2025-03-20T07:30:13-06:00,2025-03-20T19:40:14-06:00,0.71,Overcast
"Salt Lake City, UT, US",03/21/2025,33.1,52.9,42.8,23.9,49.3,,10.2,,169.25,26.3,0.0,0.0,,9.9,84.4,1017.9,Light Rain,40.7603,-111.888,"Salt Lake City, UT, United States","Salt Lake City, UT, United States",,2025-03-21T07:28:33-06:00,2025-03-21T19:41:18-06:00,0.75,Overcast
"Salt Lake City, UT, US",03/22/2025,40.8,54.8,47.1,34.5,63.8,,19.4,32.2,219.58,33.8,0.06,16.67,,9.7,89.5,1014.0,"Mist, Light Drizzle, Light Rain",40.7603,-111.888,"Salt Lake City, UT, United States","Salt Lake City, UT, United States",,2025-03-22T07:26:54-06:00,2025-03-22T19:42:22-06:00,0.75,"Rain, Overcast"
"Salt Lake City, UT, US",03/23/2025,39.5,56.9,47.8,30.7,53.09,,12.6,20.8,184.96,36.9,0.0,0.0,,9.9,62.8,1021.1,,40.7603,-111.888,"Salt Lake City, UT, United States","Salt Lake City, UT, United States",,2025-03-23T07:25:14-06:00,2025-03-23T19:43:26-06:00,0.81,Partially cloudy
"Salt Lake City, UT, US",03/24/2025,46.7,64.9,55.1,34.8,47.12,,11.3,,201.46,41.7,0.0,0.0,,9.9,57.6,1022.8,,40.7603,-111.888,"Salt Lake City, UT, United States","Salt Lake City, UT, United States",,2025-03-24T07:23:34-06:00,2025-03-24T19:44:29-06:00,0.84,Partially cloudy
"Salt Lake City, UT, US",03/25/2025,42.9,67.9,55.7,36.0,49.63,,10.2,,216.08,38.6,0.0,0.0,,9.9,6.1,1021.9,,40.7603,-111.888,"Salt Lake City, UT, United States","Salt Lake City, UT, United States",,2025-03-25T07:21:55-06:00,2025-03-25T19:45:33-06:00,0.88,Clear
"Salt Lake City, UT, US",03/26/2025,45.0,74.6,59.4,36.5,45.33,,12.1,23.0,210.71,41.1,0.0,0.0,,9.9,19.1,1014.1,,40.7603,-111.888,"Salt Lake City, UT, United States","Salt Lake City, UT, United States",,2025-03-26T07:20:15-06:00,2025-03-26T19:46:36-06:00,0.91,Clear
"Salt Lake City, UT, US",03/27/2025,55.2,77.7,66.5,25.8,23.17,,23.5,37.7,162.88,,0.0,0.0,,9.9,63.7,1005.5,Smoke Or Haze,40.7603,-111.888,"Salt Lake City, UT, United States","Salt Lake City, UT, United States",,2025-03-27T07:18:36-06:00,2025-03-27T19:47:39-06:00,0.94,Partially cloudy
"Salt Lake City, UT, US",03/28/2025,46.9,58.8,52.9,34.7,51.37,,22.9,41.2,300.21,43.4,0.0,0.0,,9.2,83.4,1006.4,"Light Rain, Smoke Or Haze",40.7603,-111.888,"Salt Lake City, UT, United States","Salt Lake City, UT, United States",,2025-03-28T07:16:57-06:00,2025-03-28T19:48:43-06:00,0.98,Overcast
"Salt Lake City, UT, US",03/29/2025,39.7,51.9,44.8,35.3,70.27,,26.4,35.7,250.29,35.2,0.07,20.83,,8.8,79.5,1008.1,"Thunderstorm, Light Rain, Smoke Or Haze",40.7603,-111.888,"Salt Lake City, UT, United States","Salt Lake City, UT, United States",,2025-03-29T07:15:18-06:00,2025-03-29T19:49:46-06:00,0.0,"Rain, Overcast"
"Salt Lake City, UT, US",03/30/2025,37.7,54.9,45.9,32.8,63.6,,13.6,,176.0,32.8,0.0,8.33,,9.9,82.6,1010.8,Light Rain,40.7603,-111.888,"Salt Lake City, UT, United States","Salt Lake City, UT, United States",,2025-03-30T07:13:39-06:00,2025-03-30T19:50:49-06:00,0.04,Overcast
"Salt Lake City, UT, US",03/31/2025,37.9,56.6,48.0,33.2,58.5,,25.6,37.8,200.96,26.4,0.36,25.0,,9.2,86.6,1004.6,"Drizzle, Heavy Drizzle, Mist, Light Snow, Rain, Light Rain And Snow, Heavy Rain, Light Rain",40.7603,-111.888,"Salt Lake City, UT, United States","Salt Lake City, UT, United States",,2025-03-31T07:12:00-06:00,2025-03-31T19:51:52-06:00,0.08,"Rain, Overcast"
"Salt Lake City, UT, US",04/01/2025,32.1,43.8,36.6,29.8,78.13,,17.2,30.9,206.58,22.3,0.15,37.5,1.18,8.5,87.3,1004.5,"Heavy Snow, Light Snow, Mist, Precipitation In Vicinity, Light Rain And Snow, Fog, Hail, Light Rain, Smoke Or Haze",40.7603,-111.888,"Salt Lake City, UT, United States","Salt Lake City, UT, United States",,2025-04-01T07:10:22-06:00,2025-04-01T19:52:55-06:00,0.11,"Rain, Overcast"
"Salt Lake City, UT, US",04/02/2025,32.7,43.8,38.2,27.0,64.8,,13.0,23.0,241.54,23.6,0.0,8.33,,9.9,84.2,1005.6,"Ice, Heavy Rain, Light Rain",40.7603,-111.888,"Salt Lake City, UT, United States","Salt Lake City, UT, United States",,2025-04-02T07:08:43-06:00,2025-04-02T19:53:58-06:00,0.15,Overcast
"Salt Lake City, UT, US",04/03/2025,35.6,48.7,41.2,28.1,61.24,,13.1,21.9,198.5,30.7,0.0,0.0,,9.9,87.1,1009.8,Light Rain,40.7603,-111.888,"Salt Lake City, UT, United States","Salt Lake City, UT, United States",,2025-04-03T07:07:06-06:00,2025-04-03T19:55:01-06:00,0.18,Overcast
"Salt Lake City, UT, US",04/04/2025,37.0,50.8,42.9,29.9,61.07,,16.3,25.9,233.83,32.3,0.01,4.17,,9.9,75.2,1019.5,"Light Drizzle, Light Rain",40.7603,-111.888,"Salt Lake City, UT, United States","Salt Lake City, UT, United States",,2025-04-04T07:05:28-06:00,2025-04-04T19:56:04-06:00,0.25,"Rain, Overcast"
"Salt Lake City, UT, US",04/05/2025,33.1,52.9,43.6,25.1,51.54,,13.6,24.2,252.75,28.1,0.0,0.0,,9.9,22.1,1026.0,,40.7603,-111.888,"Salt Lake City, UT, United States","Salt Lake City, UT, United States",,2025-04-05T07:03:51-06:00,2025-04-05T19:57:07-06:00,0.25,Clear
"Salt Lake City, UT, US",04/06/2025,35.8,60.0,47.6,23.6,41.69,,9.2,,183.67,29.3,0.0,0.0,,9.9,7.2,1023.2,,40.7603,-111.888,"Salt Lake City, UT, United States","Salt Lake City, UT, United States",,2025-04-06T07:02:14-06:00,2025-04-06T19:58:10-06:00,0.28,Clear
"Salt Lake City, UT, US",04/07/2025,40.9,69.7,55.6,23.3,31.21,,20.2,27.7,155.71,35.7,0.0,0.0,,9.9,51.3,1016.0,,40.7603,-111.888,"Salt Lake City, UT, United States","Salt Lake City, UT, United States",,2025-04-07T07:00:38-06:00,2025-04-07T19:59:13-06:00,0.32,Partially cloudy
"Salt Lake City, UT, US",04/08/2025,53.8,65.9,60.4,29.6,32.12,,19.5,31.1,229.83,,0.0,0.0,,9.9,78.4,1013.3,,40.7603,-111.888,"Salt Lake City, UT, United States","Salt Lake City, UT, United States",,2025-04-08T06:59:02-06:00,2025-04-08T20:00:16-06:00,0.35,Overcast
"Salt Lake City, UT, US",04/09/2025,43.8,68.8,57.0,31.7,41.89,,12.8,23.0,179.63,39.9,0.0,0.0,,9.9,44.1,1020.5,,40.7603,-111.888,"Salt Lake City, UT, United States","Salt Lake City, UT, United States",,2025-04-09T06:57:27-06:00,2025-04-09T20:01:19-06:00,0.39,Partially cloudy
"Salt Lake City, UT, US",04/10/2025,45.6,78.7,61.4,26.6,29.93,,10.3,19.7,153.79,41.6,0.0,0.0,,9.8,27.9,1022.8,,40.7603,-111.888,"Salt Lake City, UT, United States","Salt Lake City, UT, United States",,2025-04-10T06:55:52-06:00,2025-04-10T20:02:22-06:00,0.42,Partially cloudy
"Salt Lake City, UT, US",04/11/2025,57.9,82.8,68.3,28.8,23.83,80.2,16.0,25.3,197.21,,0.0,0.0,,9.9,58.2,1014.2,,40.7603,-111.888,"Salt Lake City, UT, United States","Salt Lake City, UT, United States",,2025-04-11T06:54:18-06:00,2025-04-11T20:03:25-06:00,0.46,Partially cloudy
"Salt Lake City, UT, US",04/12/2025,53.0,73.9,62.4,35.0,38.77,,23.8,33.1,280.21,,0.0,0.0,,9.9,75.9,1008.0,,40.7603,-111.888,"Salt Lake City, UT, United States","Salt Lake City, UT, United States",,2025-04-12T06:52:44-06:00,2025-04-12T20:04:28-06:00,0.5,Overcast
"Salt Lake City, UT, US",04/13/2025,43.9,57.6,50.7,23.1,34.73,,16.1,28.4,297.88,37.3,0.0,0.0,,9.9,58.9,1017.3,Light Rain,40.7603,-111.888,"Salt Lake City, UT, United States","Salt Lake City, UT, United States",,2025-04-13T06:51:11-06:00,2025-04-13T20:05:31-06:00,0.52,Partially cloudy
"Salt Lake City, UT, US",04/14/2025,38.7,63.9,51.3,24.9,38.62,,11.0,24.2,269.17,35.5,0.0,0.0,,9.9,0.6,1021.9,,40.7603,-111.888,"Salt Lake City, UT, United States","Salt Lake City, UT, United States",,2025-04-14T06:49:38-06:00,2025-04-14T20:06:34-06:00,0.56,Clear
"Salt Lake City, UT, US",04/15/2025,42.1,72.7,58.1,26.6,32.28,,10.4,21.9,199.46,40.1,0.0,0.0,,9.9,44.0,1015.6,,40.7603,-111.888,"Salt Lake City, UT, United States","Salt Lake City, UT, United States",,2025-04-15T06:48:06-06:00,2025-04-15T20:07:37-06:00,0.59,Partially cloudy
"Salt Lake City, UT, US",04/16/2025,52.2,70.6,60.8,30.0,31.71,,15.4,31.6,158.88,,0.0,0.0,,9.9,70.7,1006.7,,40.7603,-111.888,"Salt Lake City, UT, United States","Salt Lake City, UT, United States",,2025-04-16T06:46:35-06:00,2025-04-16T20:08:40-06:00,0.63,Partially cloudy
"Salt Lake City, UT, US",04/17/2025,37.8,59.8,47.1,32.4,59.77,,23.2,34.4,227.38,27.5,0.27,41.67,,9.0,92.0,1004.0,"Mist, Light Snow, Light Drizzle, Rain, Heavy Rain, Light Rain, Smoke Or Haze, Snow",40.7603,-111.888,"Salt Lake City, UT, United States","Salt Lake City, UT, United States",,2025-04-17T06:45:05-06:00,2025-04-17T20:09:43-06:00,0.66,"Rain, Overcast"
"Salt Lake City, UT, US",04/18/2025,33.9,49.8,41.0,23.1,53.06,,16.0,24.2,183.21,27.8,0.0,4.17,,9.9,74.8,1013.2,"Mist, Light Snow, Light Rain, Smoke Or Haze",40.7603,-111.888,"Salt Lake City, UT, United States","Salt Lake City, UT, United States",,2025-04-18T06:43:36-06:00,2025-04-18T20:10:46-06:00,0.69,Partially cloudy
"Salt Lake City, UT, US",04/19/2025,32.8,55.0,45.1,17.9,35.74,,10.6,18.3,212.75,28.1,0.0,0.0,,9.9,20.6,1018.2,,40.7603,-111.888,"Salt Lake City, UT, United States","Salt Lake City, UT, United States",,2025-04-19T06:42:07-06:00,2025-04-19T20:11:49-06:00,0.73,Clear
"Salt Lake City, UT, US",04/20/2025,44.9,65.8,55.5,24.3,31.1,,12.7,26.4,163.13,40.1,0.0,0.0,,9.9,72.8,1014.7,,40.7603,-111.888,"Salt Lake City, UT, United States","Salt Lake City, UT, United States",,2025-04-20T06:40:39-06:00,2025-04-20T20:12:52-06:00,0.75,Partially cloudy
"Salt Lake City, UT, US",04/21/2025,49.7,62.9,56.9,30.5,38.89,,18.1,29.3,236.75,,0.0,0.0,,9.9,41.7,1012.6,Light Rain,40.7603,-111.888,"Salt Lake City, UT, United States","Salt Lake City, UT, United States",,2025-04-21T06:39:12-06:00,2025-04-21T20:13:55-06:00,0.8,Partially cloudy
"Salt Lake City, UT, US",04/22/2025,42.6,67.8,56.0,28.0,37.6,,9.3,18.3,180.42,41.9,0.0,0.0,,9.9,29.7,1011.8,,40.7603,-111.888,"Salt Lake City, UT, United States","Salt Lake City, UT, United States",,2025-04-22T06:37:46-06:00,2025-04-22T20:14:58-06:00,0.83,Partially cloudy
"Salt Lake City, UT, US",04/23/2025,50.9,70.9,60.3,30.6,33.68,,19.6,33.3,214.79,,0.0,0.0,,9.9,77.6,1006.4,,40.7603,-111.888,"Salt Lake City, UT, United States","Salt Lake City, UT, United States",,2025-04-23T06:36:20-06:00,2025-04-23T20:16:01-06:00,0.86,Overcast
"Salt Lake City, UT, US",04/24/2025,50.0,67.9,57.6,37.0,47.73,,15.9,32.2,210.08,47.6,0.0,0.0,,9.9,70.5,1010.2,"Light Rain, Smoke Or Haze",40.7603,-111.888,"Salt Lake City, UT, United States","Salt Lake City, UT, United States",,2025-04-24T06:34:56-06:00,2025-04-24T20:17:04-06:00,0.9,Partially cloudy
"Salt Lake City, UT, US",04/25/2025,51.2,75.6,63.5,30.9,33.1,,22.4,40.3,122.83,,0.0,0.0,,9.9,78.7,1005.4,,40.7603,-111.888,"Salt Lake City, UT, United States","Salt Lake City, UT, United States",,2025-04-25T06:33:33-06:00,2025-04-25T20:18:07-06:00,0.93,Overcast
"Salt Lake City, UT, US",04/26/2025,53.1,77.9,66.4,19.4,17.76,,22.8,36.7,167.25,,0.0,0.0,,9.9,81.1,1001.4,,40.7603,-111.888,"Salt Lake City, UT, United States","Salt Lake City, UT, United States",,2025-04-26T06:32:10-06:00,2025-04-26T20:19:10-06:00,0.96,Overcast
"Salt Lake City, UT, US",04/27/2025,51.8,63.9,57.2,22.8,26.88,,22.9,34.9,159.71,,0.0,0.0,,9.9,85.6,1003.7,"Lightning Without Thunder, Light Rain",40.7603,-111.888,"Salt Lake City, UT, United States","Salt Lake City, UT, United States",,2025-04-27T06:30:49-06:00,2025-04-27T20:20:13-06:00,0.0,Overcast
"Salt Lake City, UT, US",04/28/2025,42.9,58.9,51.4,34.7,55.14,,15.3,26.4,226.21,37.9,0.05,8.33,,9.8,79.3,1014.0,"Mist, Light Rain, Smoke Or Haze",40.7603,-111.888,"Salt Lake City, UT, United States","Salt Lake City, UT, United States",,2025-04-28T06:29:29-06:00,2025-04-28T20:21:15-06:00,0.03,"Rain, Overcast"
"Salt Lake City, UT, US",04/29/2025,42.9,67.9,56.2,31.5,42.23,,11.3,17.2,161.71,39.3,0.0,0.0,,9.9,37.2,1015.7,,40.7603,-111.888,"Salt Lake City, UT, United States","Salt Lake City, UT, United States",,2025-04-29T06:28:10-06:00,2025-04-29T20:22:18-06:00,0.07,Partially cloudy
"Salt Lake City, UT, US",04/30/2025,48.0,62.0,55.8,38.8,55.78,,11.3,19.7,260.25,44.4,0.08,16.67,,9.7,79.1,1012.8,"Mist, Light Drizzle, Rain, Heavy Rain, Light Rain",40.7603,-111.888,"Salt Lake City, UT, United States","Salt Lake City, UT, United States",,2025-04-30T06:26:52-06:00,2025-04-30T20:23:21-06:00,0.1,"Rain, Overcast"
"Salt Lake City, UT, US",05/01/2025,44.8,67.8,56.7,30.4,40.58,,15.7,21.9,194.38,40.8,0.0,0.0,,9.9,14.6,1015.1,,40.7603,-111.888,"Salt Lake City, UT, United States","Salt Lake City, UT, United States",,2025-05-01T06:25:35-06:00,2025-05-01T20:24:23-06:00,0.13,Clear
"Salt Lake City, UT, US",05/02/2025,47.9,74.8,62.3,31.8,34.44,,14.6,28.9,204.21,45.7,0.0,0.0,,9.9,10.9,1013.2,,40.7603,-111.888,"Salt Lake City, UT, United States","Salt Lake City, UT, United States",,2025-05-02T06:24:20-06:00,2025-05-02T20:25:25-06:00,0.17,Clear
"Salt Lake City, UT, US",05/03/2025,51.0,82.8,67.8,28.9,27.84,80.2,14.5,18.3,158.58,,0.0,0.0,,9.9,31.8,1006.8,,40.7603,-111.888,"Salt Lake City, UT, United States","Salt Lake City, UT, United States",,2025-05-03T06:23:06-06:00,2025-05-03T20:26:27-06:00,0.2,Partially cloudy
"Salt Lake City, UT, US",05/04/2025,53.0,70.9,63.5,37.9,41.96,,14.8,40.1,165.63,,0.09,16.67,,9.7,78.9,1002.0,"Lightning Without Thunder, Rain, Thunderstorm, Heavy Rain, Light Rain, Smoke Or Haze",40.7603,-111.888,"Salt Lake City, UT, United States","Salt Lake City, UT, United States",,2025-05-04T06:21:53-06:00,2025-05-04T20:27:29-06:00,0.25,"Rain, Overcast"
"Salt Lake City, UT, US",05/05/2025,48.7,61.1,54.0,45.0,72.99,,18.0,31.0,252.83,46.1,0.04,25.0,,9.8,86.2,1005.1,"Light Drizzle, Rain, Heavy Rain, Light Rain",40.7603,-111.888,"Salt Lake City, UT, United States","Salt Lake City, UT, United States",,2025-05-05T06:20:41-06:00,2025-05-05T20:28:31-06:00,0.27,"Rain, Overcast"
"Salt Lake City, UT, US",05/06/2025,44.9,64.0,53.2,41.4,67.13,,19.3,35.0,221.54,39.2,0.15,33.33,,9.8,88.8,1011.6,"Mist, Light Drizzle, Rain, Heavy Rain, Light Rain",40.7603,-111.888,"Salt Lake City, UT, United States","Salt Lake City, UT, United States",,2025-05-06T06:19:31-06:00,2025-05-06T20:29:32-06:00,0.3,"Rain, Overcast"
"Salt Lake City, UT, US",05/07/2025,47.9,71.8,61.0,37.2,43.55,,15.0,33.3,181.08,46.6,0.0,0.0,,9.9,26.8,1014.6,,40.7603,-111.888,"Salt Lake City, UT, United States","Salt Lake City, UT, United States",,2025-05-07T06:18:22-06:00,2025-05-07T20:30:33-06:00,0.33,Partially cloudy
"Salt Lake City, UT, US",05/08/2025,52.9,79.0,66.3,37.5,37.56,,11.1,19.7,169.92,,0.0,0.0,,9.9,22.0,1016.6,,40.7603,-111.888,"Salt Lake City, UT, United States","Salt Lake City, UT, United States",,2025-05-08T06:17:14-06:00,2025-05-08T20:31:34-06:00,0.37,Clear
"Salt Lake City, UT, US",05/09/2025,55.0,82.9,69.9,33.4,30.26,80.3,12.8,23.0,173.96,,0.0,0.0,,9.9,23.6,1019.0,,40.7603,-111.888,"Salt Lake City, UT, United States","Salt Lake City, UT, United States",,2025-05-09T06:16:08-06:00,2025-05-09T20:32:35-06:00,0.4,Clear
"Salt Lake City, UT, US",05/10/2025,58.8,88.0,74.3,32.3,24.06,84.3,17.0,28.8,150.71,,0.0,0.0,,9.9,28.2,1014.1,,40.7603,-111.888,"Salt Lake City, UT, United States","Salt Lake City, UT, United States",,2025-05-10T06:15:03-06:00,2025-05-10T20:33:35-06:00,0.43,Partially cloudy
"Salt Lake City, UT, US",05/11/2025,71.1,87.0,78.7,30.7,18.08,83.4,28.2,50.0,171.88,,0.0,0.0,,9.9,72.9,1005.0,"Lightning Without Thunder, Light Drizzle, Light Rain, Smoke Or Haze",40.7603,-111.888,"Salt Lake City, UT, United States","Salt Lake City, UT, United States",,2025-05-11T06:14:00-06:00,2025-05-11T20:34:35-06:00,0.47,Partially cloudy
"Salt Lake City, UT, US",05/12/2025,64.0,89.0,78.5,23.8,14.76,85.1,38.7,54.5,182.17,,0.0,0.0,,9.0,54.8,996.2,"Blowing Or Drifting Snow, Smoke Or Haze",40.7603,-111.888,"Salt Lake City, UT, United States","Salt Lake City, UT, United States",,2025-05-12T06:12:59-06:00,2025-05-12T20:35:34-06:00,0.5,Partially cloudy
"Salt Lake City, UT, US",05/13/2025,47.1,57.7,51.1,34.4,53.28,,18.2,26.4,281.83,41.4,0.0,4.17,,9.0,59.6,1004.9,"Blowing Or Drifting Snow, Rain, Heavy Rain, Light Rain, Smoke Or Haze",40.7603,-111.888,"Salt Lake City, UT, United States","Salt Lake City, UT, United States",,2025-05-13T06:11:58-06:00,2025-05-13T20:36:33-06:00,0.54,Partially cloudy
"Salt Lake City, UT, US",05/14/2025,42.9,53.1,47.8,37.9,69.36,,27.6,41.4,200.83,37.0,0.26,54.17,,9.7,90.0,1011.3,"Lightning Without Thunder, Mist, Light Drizzle, Rain, Heavy Rain, Light Rain, Smoke Or Haze",40.7603,-111.888,"Salt Lake City, UT, United States","Salt Lake City, UT, United States",,2025-05-14T06:11:00-06:00,2025-05-14T20:37:32-06:00,0.57,"Rain, Overcast"
"Salt Lake City, UT, US",05/15/2025,46.9,62.8,55.3,33.3,46.58,,13.9,24.3,187.83,43.2,0.0,0.0,,9.9,81.7,1011.6,"Light Drizzle, Light Rain",40.7603,-111.888,"Salt Lake City, UT, United States","Salt Lake City, UT, United States",,2025-05-15T06:10:03-06:00,2025-05-15T20:38:30-06:00,0.61,Overcast
"Salt Lake City, UT, US",05/16/2025,47.8,64.1,57.4,34.9,43.82,,13.5,16.1,167.79,46.5,0.0,0.0,,9.9,80.6,1011.6,,40.7603,-111.888,"Salt Lake City, UT, United States","Salt Lake City, UT, United States",,2025-05-16T06:09:08-06:00,2025-05-16T20:39:28-06:00,0.64,Overcast
"Salt Lake City, UT, US",05/17/2025,52.9,74.7,61.2,38.5,45.86,,17.0,57.5,199.46,,0.0,4.17,,9.9,86.2,1004.7,"Lightning Without Thunder, Rain, Heavy Rain, Light Rain",40.7603,-111.888,"Salt Lake City, UT, United States","Salt Lake City, UT, United States",,2025-05-17T06:08:14-06:00,2025-05-17T20:40:25-06:00,0.67,Overcast
"Salt Lake City, UT, US",05/18/2025,47.0,56.0,49.9,42.8,78.08,,28.1,35.7,257.54,41.2,0.69,62.5,,7.7,91.5,1006.4,"Drizzle, Lightning Without Thunder, Mist, Heavy Drizzle, Light Drizzle, Rain, Heavy Rain, Light Rain, Smoke Or Haze",40.7603,-111.888,"Salt Lake City, UT, United States","Salt Lake City, UT, United States",,2025-05-18T06:07:22-06:00,2025-05-18T20:41:21-06:00,0.71,"Rain, Overcast"
"Salt Lake City, UT, US",05/19/2025,44.9,55.2,49.5,30.2,48.27,,17.9,26.4,236.04,38.9,0.0,0.0,,9.9,67.4,1015.4,,40.7603,-111.888,"Salt Lake City, UT, United States","Salt Lake City, UT, United States",,2025-05-19T06:06:32-06:00,2025-05-19T20:42:17-06:00,0.74,Partially cloudy
"Salt Lake City, UT, US",05/20/2025,46.0,71.0,58.7,31.0,37.51,,14.0,23.0,192.08,40.2,0.0,0.0,,9.9,52.8,1014.4,,40.7603,-111.888,"Salt Lake City, UT, United States","Salt Lake City, UT, United States",,2025-05-20T06:05:43-06:00,2025-05-20T20:43:12-06:00,0.75,Partially cloudy
"Salt Lake City, UT, US",05/21/2025,48.7,69.0,59.4,32.8,40.24,,12.5,17.2,261.33,46.8,0.0,0.0,,9.9,31.1,1016.5,,40.7603,-111.888,"Salt Lake City, UT, United States","Salt Lake City, UT, United States",,2025-05-21T06:04:57-06:00,2025-05-21T20:44:06-06:00,0.81,Partially cloudy
"Salt Lake City, UT, US",05/22/2025,49.9,82.0,67.0,35.6,34.33,79.8,19.2,32.2,214.58,47.9,0.0,0.0,,9.9,34.9,1009.3,,40.7603,-111.888,"Salt Lake City, UT, United States","Salt Lake City, UT, United States",,2025-05-22T06:04:12-06:00,2025-05-22T20:45:00-06:00,0.85,Partially cloudy
"Salt Lake City, UT, US",05/23/2025,55.0,78.8,66.5,39.3,39.07,,13.4,23.0,241.21,,0.0,0.0,,9.9,45.4,1008.3,,40.7603,-111.888,"Salt Lake City, UT, United States","Salt Lake City, UT, United States",,2025-05-23T06:03:28-06:00,2025-05-23T20:45:52-06:00,0.88,Partially cloudy
"Salt Lake City, UT, US",05/24/2025,59.1,78.1,67.3,40.4,39.32,,13.4,24.2,285.5,,0.0,0.0,,9.9,79.2,1009.2,,40.7603,-111.888,"Salt Lake City, UT, United States","Salt Lake City, UT, United States",,2025-05-24T06:02:47-06:00,2025-05-24T20:46:44-06:00,0.92,Overcast
"Salt Lake City, UT, US",05/25/2025,56.8,79.9,69.4,36.2,32.14,,16.5,28.9,193.63,,0.0,0.0,,9.9,32.4,1010.9,,40.7603,-111.888,"Salt Lake City, UT, United States","Salt Lake City, UT, United States",,2025-05-25T06:02:08-06:00,2025-05-25T20:47:35-06:00,0.95,Partially cloudy
"Salt Lake City, UT, US",05/26/2025,58.8,84.7,71.6,35.3,29.4,81.6,15.0,24.2,199.08,,0.0,0.0,,9.9,16.3,1009.5,,40.7603,-111.888,"Salt Lake City, UT, United States","Salt Lake City, UT, United States",,2025-05-26T06:01:30-06:00,2025-05-26T20:48:26-06:00,0.0,Clear
"Salt Lake City, UT, US",05/27/2025,58.8,85.9,73.0,38.0,29.88,82.6,10.1,27.7,201.08,,0.0,0.0,,9.9,26.6,1012.0,,40.7603,-111.888,"Salt Lake City, UT, United States","Salt Lake City, UT, United States",,2025-05-27T06:00:54-06:00,2025-05-27T20:49:15-06:00,0.02,Partially cloudy
"Salt Lake City, UT, US",05/28/2025,60.8,85.9,74.0,37.2,27.59,82.6,13.5,23.0,205.13,,0.0,0.0,,9.9,50.6,1010.7,,40.7603,-111.888,"Salt Lake City, UT, United States","Salt Lake City, UT, United States",,2025-05-28T06:00:20-06:00,2025-05-28T20:50:03-06:00,0.05,Partially cloudy
"Salt Lake City, UT, US",05/29/2025,65.7,89.0,77.6,37.1,24.97,85.0,11.3,26.4,170.54,,0.0,0.0,,9.9,53.8,1010.5,,40.7603,-111.888,"Salt Lake City, UT, United States","Salt Lake City, UT, United States",,2025-05-29T05:59:48-06:00,2025-05-29T20:50:50-06:00,0.09,Partially cloudy
"Salt Lake City, UT, US",05/30/2025,63.9,88.9,77.3,39.4,26.98,85.3,13.6,21.9,221.33,,0.0,0.0,,9.9,8.7,1014.7,,40.7603,-111.888,"Salt Lake City, UT, United States","Salt Lake City, UT, United States",,2025-05-30T05:59:18-06:00,2025-05-30T20:51:36-06:00,0.12,Clear
"Salt Lake City, UT, US",05/31/2025,63.9,89.0,77.1,38.3,28.58,85.0,12.4,20.8,195.79,,0.0,0.0,,9.9,8.7,1012.7,,40.7603,-111.888,"Salt Lake City, UT, United States","Salt Lake City, UT, United States",,2025-05-31T05:58:50-06:00,2025-05-31T20:52:21-06:00,0.15,Clear
"Salt Lake City, UT, US",06/01/2025,64.9,94.7,80.0,36.0,22.47,90.0,19.2,40.7,148.08,,0.0,0.0,,9.9,35.4,1005.5,,40.7603,-111.888,"Salt Lake City, UT, United States","Salt Lake City, UT, United States",,2025-06-01T05:58:24-06:00,2025-06-01T20:53:05-06:00,0.19,Partially cloudy
"Salt Lake City, UT, US",06/02/2025,66.8,79.9,74.9,35.3,25.97,,15.9,26.4,286.83,,0.0,0.0,,9.9,61.1,1006.8,,40.7603,-111.888,"Salt Lake City, UT, United States","Salt Lake City, UT, United States",,2025-06-02T05:58:00-06:00,2025-06-02T20:53:47-06:00,0.25,Partially cloudy
"Salt Lake City, UT, US",06/03/2025,53.8,74.7,65.4,28.5,26.2,,16.7,28.2,188.79,,0.0,0.0,,9.9,22.1,1011.0,,40.7603,-111.888,"Salt Lake City, UT, United States","Salt Lake City, UT, United States",,2025-06-03T05:57:38-06:00,2025-06-03T20:54:29-06:00,0.25,Clear
"Salt Lake City, UT, US",06/04/2025,52.8,76.8,65.5,31.1,29.28,,15.9,24.2,246.13,,0.0,0.0,,9.9,17.9,1009.9,,40.7603,-111.888,"Salt Lake City, UT, United States","Salt Lake City, UT, United States",,2025-06-04T05:57:18-06:00,2025-06-04T20:55:08-06:00,0.28,Clear
"Salt Lake City, UT, US",06/05/2025,53.8,76.9,67.1,31.2,27.46,,11.4,26.4,232.33,,0.0,0.0,,9.9,48.2,1009.5,,40.7603,-111.888,"Salt Lake City, UT, United States","Salt Lake City, UT, United States",,2025-06-05T05:56:59-06:00,2025-06-05T20:55:47-06:00,0.32,Partially cloudy
"Salt Lake City, UT, US",06/06/2025,60.0,80.8,70.8,34.2,28.22,78.9,13.3,23.0,161.63,,0.0,0.0,,9.8,46.3,1011.3,Smoke Or Haze,40.7603,-111.888,"Salt Lake City, UT, United States","Salt Lake City, UT, United States",,2025-06-06T05:56:43-06:00,2025-06-06T20:56:24-06:00,0.35,Partially cloudy
"Salt Lake City, UT, US",06/07/2025,60.8,85.8,74.1,34.8,25.06,82.5,12.6,25.3,186.63,,0.0,0.0,,9.9,25.3,1012.2,,40.7603,-111.888,"Salt Lake City, UT, United States","Salt Lake City, UT, United States",,2025-06-07T05:56:29-06:00,2025-06-07T20:57:00-06:00,0.38,Partially cloudy
"Salt Lake City, UT, US",06/08/2025,62.8,88.9,77.5,38.4,26.16,85.0,15.8,23.0,189.21,,0.0,0.0,,9.9,15.3,1010.7,Smoke Or Haze,40.7603,-111.888,"Salt Lake City, UT, United States","Salt Lake City, UT, United States",,2025-06-08T05:56:17-06:00,2025-06-08T20:57:34-06:00,0.42,Clear
"Salt Lake City, UT, US",06/09/2025,64.0,91.9,79.0,41.0,29.29,87.8,11.3,25.3,185.75,,0.0,0.0,,9.9,19.1,1010.0,,40.7603,-111.888,"Salt Lake City, UT, United States","Salt Lake City, UT, United States",,2025-06-09T05:56:06-06:00,2025-06-09T20:58:07-06:00,0.45,Clear
"Salt Lake City, UT, US",06/10/2025,65.7,91.9,80.1,38.7,24.17,87.6,12.5,19.7,194.46,,0.0,0.0,,9.9,42.9,1009.3,Light Rain,40.7603,-111.888,"Salt Lake City, UT, United States","Salt Lake City, UT, United States",,2025-06-10T05:55:58-06:00,2025-06-10T20:58:38-06:00,0.48,Partially cloudy
"Salt Lake City, UT, US",06/11/2025,69.8,96.8,82.2,42.8,27.34,91.9,24.7,31.1,197.83,,0.0,0.0,,9.9,61.2,1005.7,,40.7603,-111.888,"Salt Lake City, UT, United States","Salt Lake City, UT, United States",,2025-06-11T05:55:52-06:00,2025-06-11T20:59:08-06:00,0.5,Partially cloudy
"Salt Lake City, UT, US",06/12/2025,64.1,91.9,79.9,47.0,35.22,88.1,12.5,27.7,211.75,,0.0,0.0,,9.8,36.1,1004.0,,40.7603,-111.888,"Salt Lake City, UT, United States","Salt Lake City, UT, United States",,2025-06-12T05:55:47-06:00,2025-06-12T20:59:36-06:00,0.55,Partially cloudy
"Salt Lake City, UT, US",06/13/2025,65.8,94.8,81.0,39.8,28.18,90.0,19.0,33.3,153.83,,0.0,0.0,,9.9,21.4,1003.4,Light Rain,40.7603,-111.888,"Salt Lake City, UT, United States","Salt Lake City, UT, United States",,2025-06-13T05:55:45-06:00,2025-06-13T21:00:03-06:00,0.59,Clear
"Salt Lake City, UT, US",06/14/2025,71.7,94.7,83.9,31.3,15.82,89.9,17.0,24.2,174.25,,0.0,0.0,,9.9,43.3,1006.7,,40.7603,-111.888,"Salt Lake City, UT, United States","Salt Lake City, UT, United States",,2025-06-14T05:55:45-06:00,2025-06-14T21:00:27-06:00,0.62,Partially cloudy
"Salt Lake City, UT, US",06/15/2025,71.7,94.8,83.5,32.1,17.08,90.0,14.5,26.4,190.88,,0.0,0.0,,9.9,39.6,1008.1,,40.7603,-111.888,"Salt Lake City, UT, United States","Salt Lake City, UT, United States",,2025-06-15T05:55:46-06:00,2025-06-15T21:00:50-06:00,0.66,Partially cloudy
"Salt Lake City, UT, US",06/16/2025,65.7,89.7,78.7,34.4,21.39,85.7,14.5,27.7,205.5,,0.0,0.0,,9.9,59.3,1007.2,,40.7603,-111.888,"Salt Lake City, UT, United States","Salt Lake City, UT, United States",,2025-06-16T05:55:50-06:00,2025-06-16T21:01:12-06:00,0.69,Partially cloudy
"Salt Lake City, UT, US",06/17/2025,65.8,87.0,77.3,35.7,24.11,83.4,14.7,27.4,265.88,,0.0,0.0,,9.9,29.6,1008.3,,40.7603,-111.888,"Salt Lake City, UT, United States","Salt Lake City, UT, United States",,2025-06-17T05:55:55-06:00,2025-06-17T21:01:31-06:00,0.73,Partially cloudy
"Salt Lake City, UT, US",06/18/2025,64.8,91.9,79.0,36.4,23.19,87.6,10.3,19.7,158.25,,0.0,0.0,,9.9,5.4,1010.0,,40.7603,-111.888,"Salt Lake City, UT, United States","Salt Lake City, UT, United States",,2025-06-18T05:56:02-06:00,2025-06-18T21:01:49-06:00,0.75,Clear
"Salt Lake City, UT, US",06/19/2025,70.8,102.7,88.0,28.8,15.38,96.3,20.5,39.8,171.63,,0.0,0.0,,9.9,14.8,1002.5,Smoke Or Haze,40.7603,-111.888,"Salt Lake City, UT, United States","Salt Lake City, UT, United States",,2025-06-19T05:56:11-06:00,2025-06-19T21:02:05-06:00,0.8,Clear
"Salt Lake City, UT, US",06/20/2025,69.8,96.8,87.4,24.1,11.01,91.6,33.0,47.8,191.33,,0.0,0.0,,9.7,20.7,995.4,"Light Rain, Smoke Or Haze",40.7603,-111.888,"Salt Lake City, UT, United States","Salt Lake City, UT, United States",,2025-06-20T05:56:22-06:00,2025-06-20T21:02:19-06:00,0.83,Clear
"Salt Lake City, UT, US",06/21/2025,55.0,73.9,63.8,33.4,33.72,,28.6,42.9,309.08,,0.0,0.0,,9.5,17.8,1003.3,"Blowing Or Drifting Snow, Smoke Or Haze",40.7603,-111.888,"Salt Lake City, UT, United States","Salt Lake City, UT, United States",,2025-06-21T05:56:35-06:00,2025-06-21T21:02:31-06:00,0.87,Clear
"Salt Lake City, UT, US",06/22/2025,45.0,64.1,55.7,34.6,49.34,,18.5,27.7,269.83,40.8,0.15,16.67,,9.5,62.8,1014.7,"Mist, Light Drizzle, Rain, Heavy Rain, Light Rain",40.7603,-111.888,"Salt Lake City, UT, United States","Salt Lake City, UT, United States",,2025-06-22T05:56:50-06:00,2025-06-22T21:02:41-06:00,0.9,"Rain, Partially cloudy"
"Salt Lake City, UT, US",06/23/2025,51.8,73.9,62.4,31.8,34.15,,13.6,21.9,247.04,,0.0,0.0,,9.9,82.9,1015.9,,40.7603,-111.888,"Salt Lake City, UT, United States","Salt Lake City, UT, United States",,2025-06-23T05:57:06-06:00,2025-06-23T21:02:49-06:00,0.94,Overcast
"Salt Lake City, UT, US",06/24/2025,61.1,82.9,71.8,34.8,27.83,80.3,15.5,26.4,198.96,,0.0,0.0,,9.9,58.7,1011.8,,40.7603,-111.888,"Salt Lake City, UT, United States","Salt Lake City, UT, United States",,2025-06-24T05:57:25-06:00,2025-06-24T21:02:55-06:00,0.98,Partially cloudy
"Salt Lake City, UT, US",06/25/2025,62.0,85.8,74.2,33.4,24.24,82.5,12.4,26.4,173.71,,0.0,0.0,,9.9,46.3,1012.1,,40.7603,-111.888,"Salt Lake City, UT, United States","Salt Lake City, UT, United States",,2025-06-25T05:57:45-06:00,2025-06-25T21:03:00-06:00,0.0,Partially cloudy
"Salt Lake City, UT, US",06/26/2025,63.8,93.6,79.2,30.8,19.54,89.0,17.9,25.3,147.13,,0.0,0.0,,9.9,36.8,1009.0,Light Drizzle,40.7603,-111.888,"Salt Lake City, UT, United States","Salt Lake City, UT, United States",,2025-06-26T05:58:06-06:00,2025-06-26T21:03:02-06:00,0.04,Partially cloudy
"Salt Lake City, UT, US",06/27/2025,70.8,92.9,82.6,29.3,15.26,88.3,14.7,31.1,150.29,,0.0,0.0,,9.9,20.4,1007.3,,40.7603,-111.888,"Salt Lake City, UT, United States","Salt Lake City, UT, United States",,2025-06-27T05:58:29-06:00,2025-06-27T21:03:02-06:00,0.07,Clear
"Salt Lake City, UT, US",06/28/2025,65.8,92.6,80.5,39.7,25.33,88.4,12.5,18.3,174.08,,0.0,0.0,,9.9,29.7,1010.3,,40.7603,-111.888,"Salt Lake City, UT, United States","Salt Lake City, UT, United States",,2025-06-28T05:58:54-06:00,2025-06-28T21:03:01-06:00,0.11,Partially cloudy
"Salt Lake City, UT, US",06/29/2025,66.8,91.9,80.7,42.6,28.35,87.8,14.7,21.7,248.63,,0.0,0.0,,9.9,23.1,1012.0,,40.7603,-111.888,"Salt Lake City, UT, United States","Salt Lake City, UT, United States",,2025-06-29T05:59:21-06:00,2025-06-29T21:02:57-06:00,0.14,Clear
"Salt Lake City, UT, US",06/30/2025,67.9,97.9,83.5,40.1,24.74,92.9,11.3,28.9,159.0,,0.0,0.0,,9.9,24.9,1010.8,,40.7603,-111.888,"Salt Lake City, UT, United States","Salt Lake City, UT, United States",,2025-06-30T05:59:49-06:00,2025-06-30T21:02:51-06:00,0.17,Clear
"Salt Lake City, UT, US",07/01/2025,76.8,97.0,86.9,39.6,19.76,92.3,19.3,37.3,155.42,,0.0,0.0,,9.9,67.5,1008.4,Lightning Without Thunder,40.7603,-111.888,"Salt Lake City, UT, United States","Salt Lake City, UT, United States",,2025-07-01T06:00:19-06:00,2025-07-01T21:02:44-06:00,0.2,Partially cloudy
"Salt Lake City, UT, US",07/02/2025,75.7,94.7,83.0,45.7,28.59,90.4,15.2,57.9,195.5,,0.02,4.17,,9.9,83.5,1007.5,"Lightning Without Thunder, Light Rain",40.7603,-111.888,"Salt Lake City, UT, United States","Salt Lake City, UT, United States",,2025-07-02T06:00:50-06:00,2025-07-02T21:02:34-06:00,0.25,"Rain, Overcast"
"Salt Lake City, UT, US",07/03/2025,74.7,89.7,81.1,46.9,31.36,86.1,14.9,35.6,151.42,,0.0,0.0,,9.9,85.7,1006.5,"Light Drizzle, Light Rain",40.7603,-111.888,"Salt Lake City, UT, United States","Salt Lake City, UT, United States",,2025-07-03T06:01:22-06:00,2025-07-03T21:02:22-06:00,0.27,Overcast
"Salt Lake City, UT, US",07/04/2025,71.8,87.0,77.8,49.9,38.95,84.2,16.7,39.1,182.04,,0.15,20.83,,9.9,74.1,1008.4,"Lightning Without Thunder, Thunderstorm, Light Rain",40.7603,-111.888,"Salt Lake City, UT, United States","Salt Lake City, UT, United States",,2025-07-04T06:01:56-06:00,2025-07-04T21:02:09-06:00,0.3,"Rain, Partially cloudy"
"Salt Lake City, UT, US",07/05/2025,64.0,89.0,77.4,49.2,40.5,85.4,14.7,26.4,171.13,,0.0,0.0,,9.7,16.4,1012.6,Smoke Or Haze,40.7603,-111.888,"Salt Lake City, UT, United States","Salt Lake City, UT, United States",,2025-07-05T06:02:32-06:00,2025-07-05T21:01:53-06:00,0.33,Clear
"Salt Lake City, UT, US",07/06/2025,65.8,91.0,78.1,43.9,32.59,86.9,11.2,26.4,223.38,,0.0,0.0,,9.9,10.9,1012.6,,40.7603,-111.888,"Salt Lake City, UT, United States","Salt Lake City, UT, United States",,2025-07-06T06:03:08-06:00,2025-07-06T21:01:35-06:00,0.37,Clear
"Salt Lake City, UT, US",07/07/2025,65.8,96.0,81.1,38.1,24.62,91.2,13.4,31.1,174.33,,0.0,0.0,,9.9,16.4,1011.1,,40.7603,-111.888,"Salt Lake City, UT, United States","Salt Lake City, UT, United States",,2025-07-07T06:03:46-06:00,2025-07-07T21:01:15-06:00,0.4,Clear
"Salt Lake City, UT, US",07/08/2025,70.8,99.9,85.5,33.1,17.31,94.4,16.9,23.0,169.63,,0.0,0.0,,9.9,13.1,1012.4,,40.7603,-111.888,"Salt Lake City, UT, United States","Salt Lake City, UT, United States",,2025-07-08T06:04:26-06:00,2025-07-08T21:00:53-06:00,0.43,Clear
"Salt Lake City, UT, US",07/09/2025,73.0,98.8,87.2,36.8,17.39,94.0,21.3,47.2,156.63,,0.0,0.0,,9.9,42.4,1009.4,,40.7603,-111.888,"Salt Lake City, UT, United States","Salt Lake City, UT, United States",,2025-07-09T06:05:06-06:00,2025-07-09T21:00:29-06:00,0.46,Partially cloudy
"Salt Lake City, UT, US",07/10/2025,74.0,89.9,83.1,37.3,20.42,85.9,17.1,31.1,242.33,,0.0,0.0,,9.9,34.7,1009.8,,40.7603,-111.888,"Salt Lake City, UT, United States","Salt Lake City, UT, United States",,2025-07-10T06:05:48-06:00,2025-07-10T21:00:03-06:00,0.5,Partially cloudy
"Salt Lake City, UT, US",07/11/2025,65.8,89.8,79.1,40.0,26.69,85.9,13.7,23.0,203.83,,0.0,0.0,,9.9,6.5,1011.5,,40.7603,-111.888,"Salt Lake City, UT, United States","Salt Lake City, UT, United States",,2025-07-11T06:06:30-06:00,2025-07-11T20:59:36-06:00,0.53,Clear
"Salt Lake City, UT, US",07/12/2025,67.8,92.7,80.9,38.7,24.89,88.3,15.6,25.3,191.08,,0.0,0.0,,9.9,12.0,1012.2,,40.7603,-111.888,"Salt Lake City, UT, United States","Salt Lake City, UT, United States",,2025-07-12T06:07:14-06:00,2025-07-12T20:59:06-06:00,0.57,Clear
"Salt Lake City, UT, US",07/13/2025,67.8,96.0,82.8,35.5,20.35,91.2,10.1,20.8,205.67,,0.0,0.0,,9.9,7.6,1012.3,,40.7603,-111.888,"Salt Lake City, UT, United States","Salt Lake City, UT, United States",,2025-07-13T06:07:59-06:00,2025-07-13T20:58:34-06:00,0.6,Clear
"Salt Lake City, UT, US",07/14/2025,69.9,98.7,84.7,36.6,19.6,93.5,13.8,40.5,203.25,,0.0,0.0,,9.9,25.5,1010.5,,40.7603,-111.888,"Salt Lake City, UT, United States","Salt Lake City, UT, United States",,2025-07-14T06:08:45-06:00,2025-07-14T20:58:00-06:00,0.64,Partially cloudy
"Salt Lake City, UT, US",07/15/2025,75.8,96.9,85.8,40.4,21.1,92.3,23.6,38.0,181.04,,0.0,0.0,,9.9,82.7,1007.1,,40.7603,-111.888,"Salt Lake City, UT, United States","Salt Lake City, UT, United States",,2025-07-15T06:09:32-06:00,2025-07-15T20:57:24-06:00,0.68,Overcast
"Salt Lake City, UT, US",07/16/2025,71.1,94.7,84.5,43.7,25.01,90.7,15.5,21.9,178.17,,0.0,0.0,,9.9,42.1,1006.9,,40.7603,-111.888,"Salt Lake City, UT, United States","Salt Lake City, UT, United States",,2025-07-16T06:10:19-06:00,2025-07-16T20:56:47-06:00,0.71,Partially cloudy
"Salt Lake City, UT, US",07/17/2025,73.7,94.8,84.9,43.3,24.0,90.8,23.1,42.5,180.79,,0.0,0.0,,9.9,46.5,1007.0,,40.7603,-111.888,"Salt Lake City, UT, United States","Salt Lake City, UT, United States",,2025-07-17T06:11:08-06:00,2025-07-17T20:56:07-06:00,0.75,Partially cloudy
"Salt Lake City, UT, US",07/18/2025,74.7,92.6,82.2,46.8,29.95,88.8,21.0,35.8,180.79,,0.0,0.0,,9.9,82.5,1010.1,,40.7603,-111.888,"Salt Lake City, UT, United States","Salt Lake City, UT, United States",,2025-07-18T06:11:57-06:00,2025-07-18T20:55:26-06:00,0.78,Overcast
"Salt Lake City, UT, US",07/19/2025,72.9,93.6,81.7,47.6,33.87,89.3,17.8,26.4,193.29,,0.0,0.0,,9.9,54.0,1011.1,,40.7603,-111.888,"Salt Lake City, UT, United States","Salt Lake City, UT, United States",,2025-07-19T06:12:48-06:00,2025-07-19T20:54:43-06:00,0.82,Partially cloudy
"Salt Lake City, UT, US",07/20/2025,71.7,96.0,84.3,39.7,21.98,91.4,18.9,54.1,164.21,,0.0,0.0,,9.8,36.7,1008.2,,40.7603,-111.888,"Salt Lake City, UT, United States","Salt Lake City, UT, United States",,2025-07-20T06:13:38-06:00,2025-07-20T20:53:57-06:00,0.85,Partially cloudy
